Name,Url
IRAS Website,https://www.iras.gov.sg
CCCS Corporate Website,https://www.cccs.gov.sg/
Singapore Budget Website (General),https://www.mof.gov.sg/singaporebudget
MOF Corporate Website,https://www.mof.gov.sg/
Vital Corporate Website,https://www.vital.gov.sg
CorpPass,https://www.corppass.gov.sg
Accounting Standards Council Singapore,https://www.asc.gov.sg
CPIB Corporate Website,https://www.cpib.gov.sg
Unclaimed Monies,https://www.unclaimedmonies.gov.sg
MINISTRY OF COMMUNICATIONS AND INFORMATION (MCI),https://www.mci.gov.sg
National Climate Change Secretariat,https://www.nccs.gov.sg
Tote Board,https://www.toteboard.gov.sg
NRF Website,https://www.nrf.gov.sg
REACH,https://www.reach.gov.sg
Strategy Group Website,https://www.strategygroup.gov.sg
IMDA Corporate Website,https://www.imda.gov.sg/
Istana,https://www.istana.gov.sg/
SingCert,https://www.csa.gov.sg/singcert
Gosafeonline,https://www.csa.gov.sg/gosafeonline
CSA.gov.sg,https://www.csa.gov.sg
ELD Corporate Website,https://www.eld.gov.sg/
Prime Minister's Office Singapore,https://www.pmo.gov.sg/
CodeSG,https://codesg.imda.gov.sg
Accounting Standards for Statutory Boards (ASSB),https://www.assb.gov.sg
AGD Corporate Website,https://www.agd.gov.sg
Intellectual Property Office of Singapore,https://www.ipos.gov.sg
Smart Nation Website,https://www.smartnation.gov.sg
eCitizen Ideas!,https://www.ideas.gov.sg
UEN search,https://www.uen.gov.sg
BizFile+,https://www.bizfile.gov.sg
ACRA Corporate Website,https://www.acra.gov.sg
NSCS Website,https://www.nscs.gov.sg
Business Grants Portal,https://www.businessgrants.gov.sg
PSC Corporate Website,https://www.psc.gov.sg
Careers@Gov,https://www.careers.gov.sg/
Challenge Online,https://www.psd.gov.sg/challenge
PSD Corporate Website,https://www.psd.gov.sg
Centre for Strategic Futures,https://www.csf.gov.sg
Gov.sg Website,https://www.gov.sg
GovTech,https://www.tech.gov.sg
Singapore Customs Corporate Website,https://www.customs.gov.sg
National Immunisation Registry,https://www.nir.hpb.gov.sg/nirp/eservices/login
Parliament Website,https://www.parliament.gov.sg
HPB Corporate Website,https://www.hpb.gov.sg/
Singapore Legal Service,https://www.lsc.gov.sg
Ministry of Law,https://www.mlaw.gov.sg
AGO Website,https://www.ago.gov.sg
Council For Estate Agencies,https://www.cea.gov.sg
AGC Corporate Website,https://www.agc.gov.sg
URA Corporate Website,https://www.ura.gov.sg
NParks Corp Website,https://www.nparks.gov.sg
Health Professional Portal,https://www.moh.gov.sg/hpp
Singapore Botanical Gardens,https://www.nparks.gov.sg/sbg
My Green Space,https://www.nparks.gov.sg/nparksbuzz
BIOME,https://biome.nparks.gov.sg
Flora and Fauna Website,https://www.nparks.gov.sg/florafaunaweb
Festival of Biodiversity,https://www.nparks.gov.sg/festivalofbiodiversity
Pulau Ubin Microsite,https://www.nparks.gov.sg/pulau-ubin
CORENET e-Information System,https://www.corenet.gov.sg
National Medical Research Council,https://www.nmrc.gov.sg
Singapore Food Agency (SFA),https://www.sfa.gov.sg/
Professional Engineers Board Singapore,https://www.peb.gov.sg
Singapore Statutes Online Plus,https://sso.agc.gov.sg
eLicensing,https://elis.moh.gov.sg/elis
Biosafety Website,https://www.moh.gov.sg/biosafety
Specialist Accreditation Board,https://www.healthprofessionals.gov.sg/sab
CRMS MOH Feedback page,https://crms.moh.gov.sg/mohfeedback.aspx
Sky Rise Greenery,https://www.nparks.gov.sg/skyrisegreenery
Strata Titles Boards website,https://www.stratatb.gov.sg
State Property Information Online (SPIO),https://app.sla.gov.sg/spio/
NRDO Website,https://www.nrdo.gov.sg
BCA Corporate Website,https://www.bca.gov.sg
MOH Corporate Website,https://www.moh.gov.sg
ACE,https://www.ace-hta.gov.sg/
Singapore Medical Council,https://www.healthprofessionals.gov.sg/smc
CUGE Website,https://www.nparks.gov.sg/cuge
Singapore Nursing Board,https://www.healthprofessionals.gov.sg/snb
Singapore Dental Council,https://www.healthprofessionals.gov.sg/sdc
Dental Specialists Accreditation Board,https://www.healthprofessionals.gov.sg/dsab
Allied Health Professions Council,https://www.healthprofessionals.gov.sg/ahpc
Singapore Pharmacy Council,https://www.healthprofessionals.gov.sg/spc
Optometrists and Opticians Board (OOB),https://www.healthprofessionals.gov.sg/oob
Family Physicians Accreditation Board,https://www.healthprofessionals.gov.sg/fpab
SLA Corporate Website,https://www.sla.gov.sg/
Child Consent Portal,https://childconsent.hpb.gov.sg/
Lands Dealings Approval Unit (LDAU) System,https://app1.sla.gov.sg/ldau/
Pharmacy Specialists Accreditation Board,https://www.healthprofessionals.gov.sg/psab
STARS eLodgment System GCC (ELSGCC),https://app.sla.gov.sg/stars/
My Property Portal,https://app1.sla.gov.sg/MyProperty
Singapore International Commercial Court,https://www.sicc.gov.sg
Traditional Chinese Medicine Practitioners Board,https://www.healthprofessionals.gov.sg/tcmpb
IAC Website,https://www.iac.gov.sg
Haze Website,https://www.haze.gov.sg/
NEA Corporate Website,https://www.nea.gov.sg
HDB InfoWEB,https://www.hdb.gov.sg/
HSA Corporate Website,https://www.hsa.gov.sg/
CPF Website,https://www.cpf.gov.sg
MSE Corporate Website,https://www.mse.gov.sg
CNB Corporate Website,https://www.cnb.gov.sg
SILVER SUPPORT,https://www.silversupport.gov.sg/
IMTalent,https://www.imda.gov.sg/imtalent
Ministry Of National Development Website,https://www.mnd.gov.sg
Centre For Liveable Cities Website,https://www.clc.gov.sg
Special Employment Credit(SEC) Website,https://www.sec.gov.sg
GST Voucher Website,https://www.gstvoucher.gov.sg
SportSG Corporate Website,https://www.sportsingapore.gov.sg
MyActiveSG,https://www.myactivesg.com
PTC Corporate Website,https://www.ptc.gov.sg
COE Bidding System,https://ocoe.lta.gov.sg
Labour Market Statistical Information,https://stats.mom.gov.sg/
National Heritage Board,https://www.nhb.gov.sg
LTA PROMPT 2.0,https://prompt.lta.gov.sg
PUB corporate website,https://www.pub.gov.sg
NAC Corporate Website,https://www.nac.gov.sg
MOT Internet Web Portal,https://www.mot.gov.sg
People's Association Corporate Website,https://www.pa.gov.sg
Charity Portal Website,https://www.charities.gov.sg
NYC and OBS Corporate Website,https://www.nyc.gov.sg
MCCY Corporate Website,https://www.mccy.gov.sg
MHA (Ministry of Home Affairs),https://www.mha.gov.sg
Syariah Court Website,https://www.syariahcourt.gov.sg
Workfare Portal,https://www.workfare.gov.sg
Singapore Satellite Positioning Reference Network (SiReNT),https://app.sla.gov.sg/sirent/
MOM Corporate Website,https://www.mom.gov.sg
Weather Information Website,http://www.weather.gov.sg
Centre for Climate Research Singapore,http://ccrs.weather.gov.sg
IFeelYoung,https://www.moh.gov.sg/ifeelyoungsg
Temporary Occupational License (TOL),https://app1.sla.gov.sg/tol
MINDEF Singapore,https://www.mindef.gov.sg
PDPC Website,https://www.pdpc.gov.sg
Ministry of Social and Family Development (MSF) Corporate Website,https://www.msf.gov.sg/
www.mti.gov.sg,https://www.mti.gov.sg
Jurong Lake Gardens,https://www.nparks.gov.sg/juronglakegardens
Rail Corridor Microsite,https://www.nparks.gov.sg/railcorridor
Majlis Ugama Islam Singapura,https://www.muis.gov.sg
Sentosa Corporate Website,https://www.sentosa.gov.sg
Registry of Marriages,https://www.rom.gov.sg
ECDA Corporate Website,https://www.ecda.gov.sg
ICA Corporate Website,https://www.ica.gov.sg/
Baby Bonus Online,https://www.babybonus.msf.gov.sg
SingStat Website,https://www.singstat.gov.sg
STB Corporate Website,https://www.stb.gov.sg
Hotels Licensing Board,https://www.hlb.gov.sg
CRA Corporate Website,https://www.cra.gov.sg/
FACSMAB,https://www.facsmab.org
Singapore Police Force,https://www.police.gov.sg
Made For Families,https://www.madeforfamilies.gov.sg
Board of Architects,https://www.boa.gov.sg
CAAS Corporate Website,https://www.caas.gov.sg
ROMM Website,https://www.romm.gov.sg
EMA Corporate Website,https://www.ema.gov.sg/
ELISE,https://elise.ema.gov.sg
Energy and Emissions Statistics Online Survey System,https://oss.ema.gov.sg
SPS corporate website,https://www.sps.gov.sg
SCORE,https://www.yellowribbon.gov.sg/
CSC Corporate Website,https://www.csc.gov.sg
JTC Corporate Website,https://www.jtc.gov.sg
Population.gov.sg,https://www.population.gov.sg
NLB Corporate,https://www.nlb.gov.sg
Deposit Web,https://www.nlb.gov.sg/depositapp
NL Exhibitions,https://exhibitions.nlb.gov.sg
SURE,https://sure.nlb.gov.sg/
BiblioAsia,https://biblioasia.nlb.gov.sg
Discover Reads,https://childrenandteens.nlb.gov.sg/
Friends of the Library,https://www.nlb.gov.sg/volunteers/
myLibraryID,https://www.nlb.gov.sg/mylibrary/
eResources,https://eResources.nlb.gov.sg
NewspaperSG,https://eResources.nlb.gov.sg/newspapers
HistorySG,https://eResources.nlb.gov.sg/history
Infopedia,https://eResources.nlb.gov.sg/infopedia/
PictureSG,https://eResources.nlb.gov.sg/pictures
BookSG,https://eResources.nlb.gov.sg/printheritage/
WAS - Web Archive Singapore,https://eResources.nlb.gov.sg/webarchives
MusicSG,https://eResources.nlb.gov.sg/music
eReads,https://eResources.nlb.gov.sg/ereads
NAS Corporate,https://corporate.nas.gov.sg
NAS Archives Online,https://www.nas.gov.sg/
Citizen Archivist,https://www.nas.gov.sg/citizenarchivist
OneSearch,https://search.nlb.gov.sg
NLB Catalogue,https://catalogue.nlb.gov.sg
IRCC Website,https://www.ircc.sg
MFA eRegister Info,https://eregister.mfa.gov.sg
Ministry of Foreign Affairs,https://www.mfa.gov.sg
MPA Corporate Website,https://www.mpa.gov.sg
AIM-SG,https://aim-sg.caas.gov.sg/
MOE Corporate Website,https://www.moe.gov.sg
aem.moe.gov.sg,https://aem.moe.gov.sg
Singapore Global Investor Programme,https://application.sgip.gov.sg
MOE School Administration Services Hub,https://schadmsvc.moe.gov.sg/
SPED Staff Management System,https://spedstaff.moe.gov.sg
Singapore Civil Defence Force,https://www.scdf.gov.sg
Economic Development Board [SG],https://www.edb.gov.sg
SAC Accreditation Website,https://www.sac-accreditation.gov.sg/
National Council of Social Service,https://www.ncss.gov.sg
LicenceOne,https://licence1.business.gov.sg/
EnterpriseSG Corporate Website,https://www.enterprisesg.gov.sg
Tourism Information and Services Hub (TIH),https://tih.stb.gov.sg
trees.sg,https://www.nparks.gov.sg/treessg
SSG-WSG Corporate Website,https://www.ssg-wsg.gov.sg
J-SPACE,https://stats.jtc.gov.sg
ACRA API Mall,https://www.apimall.acra.gov.sg
SEAB Corporate Website,https://www.seab.gov.sg
SEARADO,https://www.searado.com
Clean & Green Singapore,https://www.cgs.gov.sg
Clean Enviro Summit Singapore,https://www.cleanenvirosummit.gov.sg
Public Hygiene Council,https://www.publichygienecouncil.sg
www.worldcitiessummit.com.sg,https://www.worldcitiessummit.com.sg
Workplace Safety and Health Institute,https://www.wshi.gov.sg/
Liveon Website,https://www.liveon.gov.sg
Garden City Fund,https://www.gardencityfund.gov.sg
Singapore Garden Festival,https://www.nparks.gov.sg/singaporegardenfestival
NS Portal,https://www.ns.sg
MAS,https://www.mas.gov.sg
MoneySENSE,https://www.moneysense.gov.sg
EMART2,https://www.ns.sg/nsp/myportal/site/mha/shop-at-emart
Schoolbag,https://www.schoolbag.edu.sg/
Lee Kuan Yew World City Prize,https://www.leekuanyewworldcityprize.gov.sg/
Marina Bay Countdown,https://www.marinabaycountdown.gov.sg
Are You Ready,https://www.areyouready.gov.sg
VisitSingapore,https://www.visitsingapore.com
CareShield Life,https://www.moh.gov.sg/careshieldlife
GeBIZ,https://www.gebiz.gov.sg
Bioethics Advisory Committee (BAC) Website,https://www.bioethics-singapore.gov.sg
Lee Kuan Yew Fund for Bilingualism,https://www.bilingualism.sg
DSTA Internet Website,https://www.dsta.gov.sg
PAssion Card,https://www.passioncard.gov.sg
ACRA Academy eLearning Portal,https://elearn.acra.gov.sg
OneMap,https://www.onemap.gov.sg
GeoSpatial Website,https://www.sla.gov.sg/geospatial
GeoWorks Website,https://www.sla.gov.sg/geoworks
Chingay,https://www.chingay.gov.sg
Harmony in Diversity Gallery,https://www.harmonyindiversitygallery.gov.sg
Families for Life,https://familiesforlife.sg
CDC,https://www.cdc.gov.sg
Heritage Plan for Singapore,https://www.oursgheritage.gov.sg
Speak Good English Movement,https://www.languagecouncils.sg/goodenglish
Speak Mandarin Campaign,https://www.languagecouncils.sg/mandarin
Tamil Language Council,https://www.languagecouncils.sg/tamil
Majilis Bahasa Melayu Singapura,https://www.languagecouncils.sg/mbms
Bras Basah Bugis,https://www.nhb.gov.sg/brasbasahbugis
Singapore Philatelic Museum,https://www.nhb.gov.sg/spm
Singapore Heritage Festival,https://www.sgheritagefest.gov.sg
Singapore Night Festival,https://www.nightfestival.gov.sg
Asian Civilisations Museum,https://www.nhb.gov.sg/acm
The Peranakan Museum,https://www.nhb.gov.sg/peranakanmuseum
National Museum Singapore,https://www.nhb.gov.sg/nationalmuseum
Indian Heritage Centre,https://www.indianheritage.gov.sg
Sun Yat Sen Nanyang Memorial Hall,https://www.sysnmh.org.sg
Malay Heritage Centre,https://www.malayheritage.gov.sg
SGSecure,https://www.sgsecure.gov.sg
Community Chest,https://www.comchest.gov.sg
Singapore Youth Festival,https://www.syf.gov.sg/
Singapore Maritime Week,https://www.smw.sg
Parforum,https://www.parforum.sg
SIEW Website,https://www.siew.gov.sg
PoweringLives Portal,https://www.poweringlives.gov.sg/
My Parliament Journey,https://myparljourney.parl.gov.sg
SkillsFuture Movement Portal,https://www.skillsfuture.gov.sg/
SG Website,https://www.sg
Founders' Memorial Website,https://www.foundersmemorial.gov.sg
YCS Corporate Website,https://www.youthcorps.gov.sg
Social Development Network,https://www.sdn.sg
Social Service Institute,https://www.ssi.gov.sg
National Council on Problem Gambling Website,https://www.ncpg.org.sg
Better Internet,https://www.betterinternet.sg
IMPixel,https://impixel.imda.gov.sg
Be Global Ready Network Portal,https://www.beglobalready.gov.sg/
Singapore Memory,https://www.singaporememory.sg
MyNiceHome (HDB),https://www.mynicehome.gov.sg
Science Centre Board,https://www.science.edu.sg
President's Challenge,https://www.presidentschallenge.gov.sg/
Tax Academy of Singapore,https://www.taxacademy.sg
CMPB Website,https://www.cmpb.gov.sg
Arts Education Portal,https://aep.nac.gov.sg
Artweek.sg Website,https://www.artweek.sg
SG Enable Website,https://www.sgenable.sg
NCADA WEBSITE,https://www.ncada.org.sg
Hosting Spore International Water Week Information,https://www.siww.com.sg
Heritage Resource Portal,https://www.roots.gov.sg
eLitigation system,https://www.elitigation.sg
NYC Survey System,https://www.survey.nyc.gov.sg
"Online management system, SINGWater, to track and monitor all PUB R&D and test-bedding projects",https://pubrnd.pub.gov.sg
HDB InfoWEB e-Services,https://services2.hdb.gov.sg/
A*STAR Corporate Website,https://www.a-star.edu.sg
HCI Directory,http://www.hcidirectory.gov.sg/hcidirectory/
Citizen Connect Centre+,https://citizenconnectcentre.gov.sg
Our SG Grants Portal,https://oursggrants.gov.sg
CREATE Website,https://www.create.edu.sg
Virtual Union Catalogue,https://www.unioncatalogue.gov.sg
BCA Academy Website,https://www.bcaa.edu.sg
Centre for Strategic Infocomm Technologies (CSIT),https://www.csit.gov.sg
Asean Specialised Meteorological Centre,http://asmc.asean.org
Be Ready with CPF,https://www.bereadywithcpf.gov.sg
WOGAA,https://wogaa.sg/
HealthHub e-Services,https://eservices.healthhub.sg
Vendors@Gov,https://www.vendors.gov.sg/
Sentosa Website,https://www.sentosa.com.sg
Air Traffic Flow Management,https://atfm.caas.gov.sg/
Singpass API Developer and Partner Portal,https://api.singpass.gov.sg
MAS e-services,https://eservices.mas.gov.sg
MASNET,https://masnet.mas.gov.sg
ITE Website,https://www.ite.edu.sg
Integrated Registry of Societies Electronics System (iROSES),https://www.ros.mha.gov.sg
Integrated Family Application Management System,https://ifams.gov.sg
Landscape Company Register,https://www2.nparks.gov.sg
myResponder mobile app,https://myresponder.scdf.gov.sg
ELD Digital Service Portal,https://app.eservice.eld.gov.sg/
Survey Information Management System,https://www.sims.gov.sg
Do-Not-Call-Registry,https://www.dnc.gov.sg
IPRIS - Visit and Interview Booking System,https://www.ipris.sps.gov.sg
SeaLionPLUS,https://sealionplus.iseas.edu.sg
ISEAS - Yusof Ishak Institute Corporate Website,https://www.iseas.edu.sg
NEA One Stop Service Portal (ePortal),https://www.eportal.nea.gov.sg
NP Corporate Website,https://www.np.edu.sg
Internet Apps,https://cwapps.jtc.gov.sg
Singapore Accreditation Council Network Portal (SACiNET),https://sacinet.enterprisesg.gov.sg
Nanyang Polytechnic Website,https://www.nyp.edu.sg
Temasek Polytechnic,https://www.tp.edu.sg
MOM eService1 HomePage on Corp Site,https://service1.mom.gov.sg
Volunteer Management System 3.0,https://www.volunteer.gov.sg
ISEAS Publishing,https://bookshop.iseas.edu.sg/
SportSync,https://www.sportsync.sg
NEA e-Services,https://e-services.nea.gov.sg
ORMS,https://www.orms.sps.gov.sg
Incentive Portal,https://incentives.enterprisesg.gov.sg
Rice Stockpile Scheme Portal,https://rice.enterprisesg.gov.sg
Enterprise Singapore Grant System,https://grantportal.enterprisesg.gov.sg
Parent's Portal,https://parents.rp.edu.sg
Republic Polytechnic Corporate Website,https://www.rp.edu.sg
Alumni Portal,https://alumni.rp.edu.sg/
JAEAppeal,https://jaeappeal.edu.sg/
Building Optimisation System,https://www.smartops.sg/
LEO 2.0,https://myleo.rp.edu.sg
JIM eSurvey,https://esurvey.jtc.gov.sg
IP2SG,https://ip2sg.ipos.gov.sg
Online Pass System,https://bacs.jurongisland.gov.sg/
Incentives Administration & Management System (IAM),https://iam.enterprisesg.gov.sg
SportCares Website,https://sportcares.sportsingapore.gov.sg
DOS E-Survey,https://www.biz-esurvey.singstat.gov.sg
Grassroots Connect,https://www.grassrootsconnect.pa.gov.sg
Zero Waste Website,https://www.towardszerowaste.gov.sg
MOM Employment Pass Online,https://eponline.mom.gov.sg
MOM Work Permit Online,https://wponline.mom.gov.sg
Joint Polytechnic Admissions Exercise (JPAE),https://jpae.polytechnic.edu.sg/app
TCP Student Portal,https://portal2.np.edu.sg/dept/sdar/tcp
EDTech,https://www.edtech.moe.edu.sg
IMTL,https://imtl.moe.edu.sg
NP eService (Dot Net),https://www1.np.edu.sg
Singapore Student Learning Space (SLS),https://vle.learning.moe.edu.sg
New Academy of Singapore Teachers Website (CWP),https://academyofsingaporeteachers.moe.edu.sg
ICT Connection Portal for MOE Education Technology Division,https://ictconnection.moe.edu.sg
TADM,https://services.tadm.sg
AceOnline,https://aceonline.mom.gov.sg
MOM eSubmission,https://service2.mom.gov.sg/esub/uploadDoc/secure/upload.do
Singapore Polytechnic Corporate Website,https://www.sp.edu.sg
SP Openhouse Microsite,https://openhouse.sp.edu.sg
Life@SP Microsite,https://life.sp.edu.sg
Industry Microsite,https://industry.sp.edu.sg
SP Mobile Portal,https://portal.sp.edu.sg/sites/eservices/HomePage.aspx
Polytechnic Foundation Programme (PFP) Admission System,https://pfp.polytechnic.edu.sg
SingStat Table Builder,https://tablebuilder.singstat.gov.sg
Emissions Data Monitoring and Analysis System,https://www.edma.gov.sg
Queensway Secondary School Official Website,https://queenswaysec.moe.edu.sg/
IRAS myTax Portal,https://mytax.iras.gov.sg
Credit Enhancement Portal,https://creditenhance.enterprisesg.gov.sg
Partners Portal,https://partner-services.msf.gov.sg/
President's Award for the Environment Website,https://www.pae.gov.sg
Inspection and Laboratory e-Services Landing Page,https://ifast.sfa.gov.sg/eserviceweb/
Quarantine Management System,https://qms.avs.gov.sg
Pet Animal Licensing System,https://pals.avs.gov.sg
Integrated Library Management System (iLMS),https://library.ite.edu.sg/
MyPortal,https://myportal.ite.edu.sg
ICA eServices,https://eservices.ica.gov.sg/
Integrated Case Management System,https://icms.statecourts.gov.sg
ActiveSG,https://members.myactivesg.com/
PROMPT External Portal,https://jtcapps.jtc.gov.sg:13443
MyCareersFuture.sg Portal for Job Seekers,https://www.mycareersfuture.gov.sg
Centralised Placement Test Registration System (CPTRS),https://cptrs.seab.gov.sg
Facility Estate Management System,https://fems.jtc.gov.sg
Hwa Chong Institution Official Website,http://www.hci.edu.sg
Integrated Electronic Message Board,https://iemb.hci.edu.sg
Intelligent School Portal,https://isp.hci.edu.sg
Hwa Chong Alumni Portal,https://partners.hci.edu.sg/
Hwa Chong Boarding School Portal,https://portal.hcibs.edu.sg/
Intelligent School Portal for high school,https://isphs.hci.edu.sg
Nparks avs,https://www.nparks.gov.sg/avs
NCSS e-Services,https://e-services.ncss.gov.sg
CNB eServices,https://www.eservices.cnb.gov.sg/
Producer Price Indices Online e-Survey System,https://www.esurvey.singstat.gov.sg
Eye on Asia,https://www.eyeonasia.gov.sg/
NRM,https://readingnation.nlb.gov.sg/
ASEAN Digital Library,https://www.aseanlibrary.org/
Rehabilitation and Protection Group(RPG) One Stop eServices Portal,https://eservice-rpg.msf.gov.sg
School of The Arts Singapore School Website,https://www.sota.edu.sg
LTA VRLS,https://vrl.lta.gov.sg
Raffles Institution Website,http://www.ri.edu.sg
SOTA Talent Academy Portal,https://ta.sota.edu.sg/sota_dsa
IRAS e-Stamping Portal,https://estamping.iras.gov.sg
Startup Sg Network (SSN),https://www.startupsg.gov.sg
Infectious Diseases Reporting and Investigation System (IRIS),https://www.cdlens.moh.gov.sg
Online Network for Educators (ONE@ECDA),https://one.ecda.gov.sg
OneMotoring,https://onemotoring.lta.gov.sg
LTA Corporate Website,https://www.lta.gov.sg
askNYP Portal - FAQ Portal,https://asknyp.nyp.edu.sg
NYP Singapore Institute of Retail Studies homepage,https://www.sirs.edu.sg
Asian Culinary Institute Of Singapore homepage,https://www.aci.edu.sg
NYP Library Portal,https://library.nyp.edu.sg
Early Admission Exercise (EAE) portal of the polytechnics in Singapore,https://eae.polytechnic.edu.sg
MyCareersFuture.sg Portal for Employers,https://employer.mycareersfuture.gov.sg/
ICG gateway,https://icg.ite.edu.sg/
NYP Alumni Portal,https://alumni.nyp.edu.sg
NorthLight School,https://www.nls.edu.sg
NYP Student eServices Portal,https://nypeservices.nyp.edu.sg/
NYP Student eServices Portal - For Coldfusion,https://cfapps.nyp.edu.sg
Charity Portal E-Services,https://services1.charities.gov.sg
PolyFintech 100,https://www.polyfintech100.edu.sg
Enabling Services Management System (ESMS),https://eservice1.enable.gov.sg
NCSS Applications,https://app.ncss.gov.sg
MySkillsFuture,https://www.myskillsfuture.gov.sg
NANYANG GIRLS' HIGH SCHOOL,https://www.nygh.edu.sg
iShop@ACRA,https://www.tis.bizfile.gov.sg
Singapore Accountancy Commission Corporate Website,https://www.sac.gov.sg
Singapore Citizenship Journey,https://www.sgjourney.gov.sg
SCDF eServices,https://eservices1.scdf.gov.sg/
Admiralty Primary School Official Website,https://admiraltypri.moe.edu.sg
Admiralty Secondary School Official Website,https://admiraltysec.moe.edu.sg
Ahmad Ibrahim Primary School Official Website,https://ahmadibrahimpri.moe.edu.sg
Ahmad Ibrahim Secondary School Official Website,https://ahmadibrahimsec.moe.edu.sg
Ai Tong School Official Website,https://aitong.moe.edu.sg
Alexandra Primary School Official Website,https://alexandrapri.moe.edu.sg
Anchor Green Primary School Official Website,https://anchorgreenpri.moe.edu.sg
Anderson Primary School Official Website,https://andersonpri.moe.edu.sg
Anderson Secondary School Official Website,https://AndersonSec.moe.edu.sg
Anderson Serangoon Junior College Official Website,https://asrjc.moe.edu.sg
Ang Mo Kio Primary School Official Website,https://angmokiopri.moe.edu.sg
Ang Mo Kio Secondary School Official Website,https://angmokiosec.moe.edu.sg
Anglican High School Official Website,https://anglicanhigh.moe.edu.sg
Anglo-Chinese Junior College Official Website,https://acjc.moe.edu.sg
Anglo-Chinese School (Barker Road) Official Website,https://www.acsbr.moe.edu.sg
Anglo-Chinese School (Junior) Official Website,https://acsj.moe.edu.sg
Anglo-Chinese School (Primary) Official Website,https://acspri.moe.edu.sg
Angsana Primary School Official Website,https://angsanapri.moe.edu.sg
Assumption English School Official Website,https://assumptionenglish.moe.edu.sg
Bartley Secondary School Official Website,https://bartleysec.moe.edu.sg
Beacon Primary School Official Website,https://Beaconpri.moe.edu.sg
Beatty Secondary School Official Website,https://beattysec.moe.edu.sg
Bedok Green Primary School Official Website,https://bedokgreenpri.moe.edu.sg
Bedok Green Secondary School Official Website,https://bedokgreensec.moe.edu.sg
Bedok South Secondary School Official Website,https://bedoksouthsec.moe.edu.sg
Bedok View Secondary School Official Website,https://bedokviewsec.moe.edu.sg
Bendemeer Primary School Official Website,https://bendemeerpri.moe.edu.sg
Bendemeer Secondary School Official Website,https://bendemeersec.moe.edu.sg
Blangah Rise Primary School Official Website,https://BlangahRisePri.moe.edu.sg
Boon Lay Garden Primary School Official Website,https://boonlaygardenpri.moe.edu.sg
Boon Lay Secondary School Official Website,https://www.BoonLaySec.moe.edu.sg
Bowen Secondary School Official Website,https://bowensec.moe.edu.sg
Broadrick Secondary School Official Website,https://www.broadricksec.moe.edu.sg
Bukit Batok Secondary School Official Website,https://bukitbatoksec.moe.edu.sg
Bukit Merah Secondary School Official Website,https://BukitMerahSec.moe.edu.sg
Bukit Panjang Govt High School Official Website,https://www.bpghs.moe.edu.sg
Bukit Panjang Primary School Official Website,https://www.bukitpanjangpri.moe.edu.sg
Bukit Timah Primary School Official Website,https://bukittimahpri.moe.edu.sg
Bukit View Primary School Official Website,https://bukitviewpri.moe.edu.sg
Bukit View Secondary School Official Website,https://bukitviewsec.moe.edu.sg
Canberra Primary School Official Website,https://canberrapri.moe.edu.sg
Canberra Secondary School Official Website,https://canberrasec.moe.edu.sg
Canossa Catholic Primary School Official Website,https://canossacatholicpri.moe.edu.sg
Cantonment Primary School Official Website,https://cantonmentpri.moe.edu.sg
Casuarina Primary School Official Website,https://casuarinapri.moe.edu.sg/
Catholic High School Official Website,https://catholichigh.moe.edu.sg/
Catholic Junior College Official Website,https://cjc.moe.edu.sg/
Cedar Girls' Secondary School Official Website,https://cedargirlssec.moe.edu.sg
Cedar Primary School Official Website,https://cedarpri.moe.edu.sg
Changkat Changi Secondary School Official Website,https://changkatchangisec.moe.edu.sg
Changkat Primary School Official Website,https://changkatpri.moe.edu.sg
CHIJ (Katong) Primary Official Website,https://www.chijkcp.moe.edu.sg
CHIJ (Kellock) Official Website,https://chijkellock.moe.edu.sg
CHIj Katong Convent Official Website,https://www.chijKatongConvent.moe.edu.sg
CHIJ Our Lady Of Good Counsel Official Website,https://chijourladyofgoodcounsel.moe.edu.sg
CHIJ Our Lady of the Nativity Official Website,https://chijourladyofthenativity.moe.edu.sg
CHIJ Our Lady Queen of Peace Official Website,https://chijourladyqueenofpeace.moe.edu.sg
CHIJ Primary (Toa Payoh) Official Website,https://www.chijpritoapayoh.moe.edu.sg
CHIJ Secondary (Toa Payoh) Official Website,https://www.chijsec.edu.sg
CHIJ St. Joseph's Convent Official Website,https://chijstjosephsconvent.moe.edu.sg
CHIJ St. Nicholas Girls' School (Secondary) Official Website,https://chijstnicholasgirls.moe.edu.sg
CHIJ St. Theresa's Convent Official Website,https://chijsttheresasconvent.moe.edu.sg
Chongfu School Official Website,https://Chongfu.moe.edu.sg
Chongzheng Primary School Official Website,https://chongzhengpri.moe.edu.sg
Christ Church Secondary School Official Website,https://christchurchsec.moe.edu.sg
Chua Chu Kang Primary School Official Website,https://chuachukangpri.moe.edu.sg
Chua Chu Kang Secondary School Official Website,https://chuachukangsec.moe.edu.sg
Chung Cheng High School (Main) Official Website,https://chungchenghighmain.moe.edu.sg
Chung Cheng High School (Yishun) Official Website,https://chungchenghighyishun.moe.edu.sg
Clementi Primary School Official Website,https://clementipri.moe.edu.sg
Clementi Town Secondary School Official Website,https://clementitownsec.moe.edu.sg
Commonwealth Secondary School Official Website,https://www.CommonwealthSec.moe.edu.sg
Compassvale Primary School Official Website,https://compassvalepri.moe.edu.sg
Compassvale Secondary School Official Website,https://compassvalesec.moe.edu.sg
Concord Primary School Official Website,https://concordpri.moe.edu.sg
Corporation Primary School Official Website,https://corporationpri.moe.edu.sg
Crescent Girls' School Official Website,https://www.crescent.edu.sg
Damai Primary School Official Website,https://damaipri.moe.edu.sg
Damai Secondary School Official Website,https://damaisec.moe.edu.sg
Dazhong Primary School Official Website,https://dazhongpri.moe.edu.sg
De La Salle School Official Website,https://delasalle.moe.edu.sg
Deyi Secondary School Official Website,https://deyisec.moe.edu.sg
Dunearn Secondary School Official Website,https://dunearnsec.moe.edu.sg
Dunman High School Official Website,https://dunmanhigh.moe.edu.sg
Dunman Secondary School Official Website,https://dunmansec.moe.edu.sg
East Spring Primary School Official Website,https://eastspringpri.moe.edu.sg
East Spring Secondary School Official Website,https://eastspringsec.moe.edu.sg
Edgefield Primary School Official Website,https://edgefieldpri.moe.edu.sg
Edgefield Secondary School Official Website,https://edgefieldsec.moe.edu.sg
Elias Park Primary School Official Website,https://eliasparkpri.moe.edu.sg/
Endeavour Primary School Official Website,https://endeavourpri.moe.edu.sg
Eunoia Junior College Official Website,https://eunoiajc.moe.edu.sg
Eunos Primary School Official Website,https://eunospri.moe.edu.sg
Evergreen Primary School Official Website,https://evergreenpri.moe.edu.sg
Evergreen Secondary School Official Website,https://evergreensec.moe.edu.sg
Fairfield Methodist School (Primary) Official Website,https://fmsp.moe.edu.sg
Fairfield Methodist School (Secondary) Official Website,https://fairfieldmethodistsec.moe.edu.sg
Fajar Secondary School Official Website,https://fajarsec.moe.edu.sg
Farrer Park Primary School Official Website,https://www.farrerparkpri.moe.edu.sg
Fengshan Primary School Official Website,https://fengshanpri.moe.edu.sg
Fern Green Primary School Official Website,https://ferngreenpri.moe.edu.sg
Fernvale Primary School Official Website,https://fernvalepri.moe.edu.sg
First Toa Payoh Primary School Official Website,https://firsttoapayohpri.moe.edu.sg
Frontier Primary School Official Website,https://FrontierPri.moe.edu.sg
Fuchun Primary School Official Website,https://fuchunpri.moe.edu.sg
Fuchun Secondary School Official Website,https://fuchunsec.moe.edu.sg
Fuhua Primary School Official Website,https://fuhuapri.moe.edu.sg
Fuhua Secondary School Official Website,https://fuhuasec.moe.edu.sg
Gan Eng Seng Primary School Official Website,https://ganengsengpri.moe.edu.sg
Gan Eng Seng School Official Website,https://GanEngSengSch.moe.edu.sg
Geylang Methodist School (Primary) Official Website,https://geylangmethodistpri.moe.edu.sg
Geylang Methodist School (Secondary) Official Website,https://GeylangMethodistSec.moe.edu.sg
Gongshang Primary School Official Website,https://gongshangpri.moe.edu.sg
Greendale Primary School Official Website,https://greendalepri.moe.edu.sg
Greendale Secondary School Official Website,https://greendalesec.moe.edu.sg
Greenridge Primary School Official Website,https://greenridgepri.moe.edu.sg
Greenridge Secondary School Official Website,https://GreenRidgeSec.moe.edu.sg
Greenwood Primary School Official Website,https://greenwoodpri.moe.edu.sg
Guangyang Primary School Official Website,https://www.GuangYangPri.moe.edu.sg
Guangyang Secondary School Official Website,https://guangyangsec.moe.edu.sg
Hai Sing Catholic School Official Website,https://haisingcatholic.moe.edu.sg
Haig Girls' School Official Website,https://haiggirls.moe.edu.sg
Henry Park Primary School Official Website,https://henryparkpri.moe.edu.sg
Hillgrove Secondary School Official Website,https://www.hillgrovesec.moe.edu.sg
Holy Innocents' High School Official Website,https://HolyInnocentsHigh.moe.edu.sg
Holy Innocents' Primary School Official Website,https://holyinnocentspri.moe.edu.sg
Hong Wen School Official Website,https://hongwen.moe.edu.sg
Horizon Primary School Official Website,https://horizonpri.moe.edu.sg
Hougang Primary School Official Website,https://hougangpri.moe.edu.sg
Hougang Secondary School Official Website,https://hougangsec.moe.edu.sg
Hua Yi Secondary School Official Website,https://huayisec.moe.edu.sg
Huamin Primary School Official Website,https://huaminpri.moe.edu.sg
Innova Primary School Official Website,https://innovapri.moe.edu.sg
Jiemin Primary School Official Website,https://jieminpri.moe.edu.sg
Jing Shan Primary School Official Website,https://jingshanpri.moe.edu.sg
Junyuan Primary School Official Website,https://junyuanpri.moe.edu.sg
Junyuan Secondary School Official Website,https://JunyuanSec.moe.edu.sg
Jurong Primary School Official Website,https://jurongpri.moe.edu.sg
Jurong Secondary School Official Website,https://jurongsec.moe.edu.sg
Jurong West Primary School Official Website,https://jurongwestpri.moe.edu.sg
Jurong West Secondary School Official Website,https://jurongwestsec.moe.edu.sg
Jurong Pioneer Junior College Official Website,https://jpjc.moe.edu.sg
Jurongville Secondary School Official Website,https://jurongvillesec.moe.edu.sg
Juying Secondary School Official Website,https://juyingsec.moe.edu.sg
Keming Primary School Official Website,https://kemingpri.moe.edu.sg
Kent Ridge Secondary School Official Website,https://kentridgesec.moe.edu.sg
Kheng Cheng School Official Website,https://khengcheng.moe.edu.sg
Kong Hwa School Official Website,https://www.konghwa.moe.edu.sg
Kranji Primary School Official Website,https://kranjipri.moe.edu.sg
Kranji Secondary School Official Website,https://kranjisec.moe.edu.sg
Kuo Chuan Presbyterian Primary School Official Website,https://kuochuanpresbyterianpri.moe.edu.sg
Kuo Chuan Presbyterian Secondary School Official Website,https://kuochuanpresbyteriansec.moe.edu.sg
Lakeside Primary School Official Website,https://lakesidepri.moe.edu.sg
Lianhua Primary School Official Website,https://lianhuapri.moe.edu.sg
Loyang View Secondary School Official Website,https://www.loyangviewsec.moe.edu.sg
Maha Bodhi School Official Website,https://www.mahabodhi.moe.edu.sg
Manjusri Secondary School Official Website,https://manjusrisec.moe.edu.sg
Maris Stella High School (Secondary) Official Website,https://marisstellahigh.moe.edu.sg
Marsiling Primary School Official Website,https://marsilingpri.moe.edu.sg
Marsiling Secondary School Official Website,https://MarsilingSec.moe.edu.sg
Marymount Convent School Official Website,https://marymountconvent.moe.edu.sg
Mayflower Primary School Official Website,https://mayflowerpri.moe.edu.sg
Mayflower Secondary School Official Website,https://mayflowersec.moe.edu.sg
Mee Toh School Official Website,https://meetoh.moe.edu.sg
Meridian Primary School Official Website,https://meridianpri.moe.edu.sg
Meridian Secondary School Official Website,https://meridiansec.moe.edu.sg
Methodist Girls' School (Primary) Official Website,https://www.mgs.moe.edu.sg
Millennia Institute Official Website,https://www.millenniainstitute.moe.edu.sg
Montfort Junior School Official Website,https://montfortjunior.moe.edu.sg
Montfort Secondary School Official Website,https://montfortsec.moe.edu.sg
Nan Chiau High School Official Website,https://www.nanchiauhigh.moe.edu.sg/
Nan Chiau Primary School Official Website,https://www.ncps.moe.edu.sg
Nan Hua High School Official Website,https://nanhuahigh.moe.edu.sg
Nan Hua Primary School Official Website,https://nanhuapri.moe.edu.sg
Nanyang Junior College Official Website,https://nanyangjc.moe.edu.sg
Nanyang Primary School Official Website,https://nyps.moe.edu.sg
National Junior College Official Website,https://nationaljc.moe.edu.sg
Naval Base Primary School Official Website,https://navalbasepri.moe.edu.sg
Naval Base Secondary School Official Website,https://navalbasesec.moe.edu.sg
New Town Primary School Official Website,https://newtownpri.moe.edu.sg
New Town Secondary School Official Website,https://NewTownSec.moe.edu.sg
Ngee Ann Primary School Official Website,https://ngeeannpri.moe.edu.sg
Ngee Ann Secondary School Official Website,https://ngeeannsec.moe.edu.sg
North Spring Primary School Official Website,https://northspringpri.moe.edu.sg
North View Primary School Official Website,https://northviewpri.moe.edu.sg
North Vista Primary School Official Website,https://www.northvistapri.moe.edu.sg
North Vista Secondary School Official Website,https://northvistasec.moe.edu.sg
Northbrooks Secondary School Official Website,https://northbrookssec.moe.edu.sg
Northland Primary School Official Website,https://northlandpri.moe.edu.sg
Northland Secondary School Official Website,https://northlandsec.moe.edu.sg
Northoaks Primary School Official Website,https://northoakspri.moe.edu.sg
Oasis Primary School Official Website,https://oasispri.moe.edu.sg
Opera Estate Primary School Official Website,https://operaestatepri.moe.edu.sg
Orchid Park Secondary School Official Website,https://orchidparksec.moe.edu.sg
Outram Secondary School Official Website,https://outramsec.moe.edu.sg
Palm View Primary School Official Website,https://palmviewpri.moe.edu.sg
Park View Primary School Official Website,https://parkviewpri.moe.edu.sg
Pasir Ris Crest Secondary School Official Website,https://prcss.moe.edu.sg
Pasir Ris Primary School Official Website,https://pasirrispri.moe.edu.sg
Pasir Ris Secondary School Official Website,https://pasirrissec.moe.edu.sg
Paya Lebar Methodist Girls' School (Primary) Official Website,https://payalebarmethodistgirlspri.moe.edu.sg
Paya Lebar Methodist Girls' School (Secondary) Official Website,https://www.plmgss.moe.edu.sg
Pei Chun Public School Official Website,https://peichunpublic.moe.edu.sg
Pei Hwa Presbyterian Primary School Official Website,https://peihwapresbyterianpri.moe.edu.sg
Pei Hwa Secondary School Official Website,https://PeiHwaSec.moe.edu.sg
Pei Tong Primary School Official Website,https://peitongpri.moe.edu.sg
Peicai Secondary School Official Website,https://www.peicaisec.moe.edu.sg
Peirce Secondary School Official Website,https://PeirceSec.moe.edu.sg
Peiying Primary School Official Website,https://peiyingpri.moe.edu.sg
Ping Yi Secondary School Official Website,https://pingyisec.moe.edu.sg
Pioneer Primary School Official Website,https://pioneerpri.moe.edu.sg
Poi Ching School Official Website,https://www.poiching.moe.edu.sg
Presbyterian High School Official Website,https://presbyterian.moe.edu.sg
Princess Elizabeth Primary School Official Website,https://princesselizabethpri.moe.edu.sg
Punggol Cove Primary School Official Website,https://punggolcovepri.moe.edu.sg
Punggol Green Primary School Official Website,https://punggolgreenpri.moe.edu.sg
Punggol Primary School Official Website,https://punggolpri.moe.edu.sg
Punggol Secondary School Official Website,https://punggolsec.moe.edu.sg
Punggol View Primary School Official Website,https://punggolviewpri.moe.edu.sg
Qifa Primary School Official Website,https://qifapri.moe.edu.sg
Qihua Primary School Official Website,https://qihuapri.moe.edu.sg
Queenstown Primary School Official Website,https://queenstownpri.moe.edu.sg
Queenstown Secondary School Official Website,https://www.QueenstownSec.moe.edu.sg
Radin Mas Primary School Official Website,https://www.radinmaspri.moe.edu.sg
Raffles Girls' Primary School Official Website,https://rafflesgirlspri.moe.edu.sg
Red Swastika School Official Website,https://redswastika.moe.edu.sg
Regent Secondary School Official Website,https://RegentSec.moe.edu.sg
River Valley High School Official Website,https://rivervalleyhigh.moe.edu.sg
River Valley Primary School Official Website,https://rivervalleypri.moe.edu.sg
Riverside Primary School Official Website,https://riversidepri.moe.edu.sg
Riverside Secondary School Official Website,https://riversidesec.moe.edu.sg
Rivervale Primary School Official Website,https://rivervalepri.moe.edu.sg
Rosyth School Official Website,https://rosyth.moe.edu.sg
Rulang Primary School Official Website,https://rulangpri.moe.edu.sg
Sembawang Primary School Official Website,https://sembawangpri.moe.edu.sg
Sembawang Secondary School Official Website,https://SembawangSec.moe.edu.sg
Seng Kang Primary School Official Website,https://sengkangpri.moe.edu.sg
Seng Kang Secondary School Official Website,https://sengkangsec.moe.edu.sg
Sengkang Green Primary School Official Website,https://sengkanggreenpri.moe.edu.sg
Serangoon Garden Secondary School Official Website,https://www.sgs.edu.sg
Serangoon Secondary School Official Website,https://serangoonsec.moe.edu.sg
Shuqun Primary School Official Website,https://shuqunpri.moe.edu.sg
Si Ling Primary School Official Website,https://silingpri.moe.edu.sg
Singapore Chinese Girls' School (Secondary) Official Website,https://scgs.moe.edu.sg
South View Primary School Official Website,https://www.southviewpri.moe.edu.sg
Springdale Primary School Official Website,https://springdalepri.moe.edu.sg
Springfield Secondary School Official Website,https://springfieldsec.moe.edu.sg
St. Andrew's Junior College Official Website,https://standrewsjc.moe.edu.sg
St. Andrew's Junior School Official Website,https://www.saintandrewsjunior.moe.edu.sg
St. Andrew's Secondary School Official Website,https://standrewssec.moe.edu.sg
St. Anthony's Canossian Primary School Official Website,https://stanthonyscanossianpri.moe.edu.sg
St. Anthony's Canossian Secondary School Official Website,https://StAnthonysCanossianSec.moe.edu.sg
St. Anthony's Primary School Official Website,https://stanthonyspri.moe.edu.sg
St. Gabriel's Primary School Official Website,https://www.stgabrielspri.moe.edu.sg
St. Gabriel's Secondary School Official Website,https://stgabrielssec.moe.edu.sg
St. Hilda's Primary School Official Website,https://www.shps.moe.edu.sg
St. Hilda's Secondary School Official Website,https://sthildassec.moe.edu.sg
St. Joseph's Institution Junior Official Website,https://sjijunior.moe.edu.sg
St. Margaret's Primary School Official Website,https://stmargaretspri.moe.edu.sg
St. Margaret's Secondary School Official Website,https://stmargaretssec.moe.edu.sg
St. Patrick's School Official Website,https://stpatricks.moe.edu.sg
St. Stephen's School Official Website,https://ststephens.moe.edu.sg
Stamford Primary School Official Website,https://stamfordpri.moe.edu.sg
Swiss Cottage Secondary School Official Website,https://swisscottagesec.moe.edu.sg
Tampines North Primary School Official Website,https://tampinesnorthpri.moe.edu.sg
Tampines Primary School Official Website,https://tampinespri.moe.edu.sg
Tampines Secondary School Official Website,https://tampinessec.moe.edu.sg
Tampines Meridian Junior College Official Website,https://tmjc.moe.edu.sg
Tanglin Secondary School Official Website,https://TanglinSec.moe.edu.sg
Tanjong Katong Girls' School Official Website,https://tkgs.moe.edu.sg
Tanjong Katong Primary School Official Website,https://tanjongkatongpri.moe.edu.sg
Tanjong Katong Secondary School Official Website,https://tanjongkatongsec.moe.edu.sg
Tao Nan School Official Website,https://taonan.moe.edu.sg
Teck Ghee Primary School Official Website,https://teckgheepri.moe.edu.sg
Teck Whye Primary School Official Website,https://teckwhyepri.moe.edu.sg
Teck Whye Secondary School Official Website,https://teckwhyesec.moe.edu.sg
Telok Kurau Primary School Official Website,https://telokkuraupri.moe.edu.sg
Temasek Junior College Official Website,https://www.temasekjc.moe.edu.sg
Temasek Primary School Official Website,https://temasekpri.moe.edu.sg
Temasek Secondary School Official Website,https://TemasekSec.moe.edu.sg
Townsville Primary School Official Website,https://townsvillepri.moe.edu.sg
Unity Primary School Official Website,https://unitypri.moe.edu.sg
Unity Secondary School Official Website,https://unitysec.moe.edu.sg
Victoria Junior College Official Website,https://victoriajc.moe.edu.sg
Victoria School Official Website,https://victoria.moe.edu.sg
Waterway Primary School Official Website,https://waterwaypri.moe.edu.sg
Wellington Primary School Official Website,https://wellingtonpri.moe.edu.sg
West Grove Primary School Official Website,https://westgrovepri.moe.edu.sg
West Spring Primary School Official Website,https://WestSpringPri.moe.edu.sg
West Spring Secondary School Official Website,https://westspringsec.moe.edu.sg
West View Primary School Official Website,https://westviewpri.moe.edu.sg
Westwood Primary School Official Website,https://westwoodpri.moe.edu.sg
Westwood Secondary School Official Website,https://westwoodsec.moe.edu.sg
White Sands Primary School Official Website,https://whitesandspri.moe.edu.sg
Whitley Secondary School Official Website,https://www.whitleysec.moe.edu.sg
Woodgrove Primary School Official Website,https://woodgrovepri.moe.edu.sg
Woodgrove Secondary School Official Website,https://woodgrovesec.moe.edu.sg
Woodlands Primary School Official Website,https://woodlandspri.moe.edu.sg
Woodlands Ring Primary School Official Website,https://woodlandsringpri.moe.edu.sg
Woodlands Ring Secondary School Official Website,https://woodlandsringsec.moe.edu.sg
Woodlands Secondary School Official Website,https://woodlandssec.moe.edu.sg
Xinghua Primary School Official Website,https://xinghuapri.moe.edu.sg
Xingnan Primary School Official Website,https://xingnanpri.moe.edu.sg
Xinmin Primary School Official Website,https://xinminpri.moe.edu.sg
Xinmin Secondary School Official Website,https://xinminsec.moe.edu.sg
Xishan Primary School Official Website,https://xishanpri.moe.edu.sg
Yangzheng Primary School Official Website,https://yangzhengpri.moe.edu.sg
Yew Tee Primary School Official Website,https://yewteepri.moe.edu.sg
Yio Chu Kang Primary School Official Website,https://yiochukangpri.moe.edu.sg
Yio Chu Kang Secondary School Official Website,https://yiochukangsec.moe.edu.sg
Yishun Primary School Official Website,https://yishunpri.moe.edu.sg
Yishun Secondary School Official Website,https://yishunsec.moe.edu.sg
Yishun Town Secondary School Official Website,https://yishuntownsec.moe.edu.sg
Yishun Innova Junior College Official Website,https://yijc.moe.edu.sg
Yu Neng Primary School Official Website,https://yunengpri.moe.edu.sg
Yuan Ching Secondary School Official Website,https://YuanChingSec.moe.edu.sg
Yuhua Primary School Official Website,https://yuhuapri.moe.edu.sg
Yuhua Secondary School Official Website,https://yuhuasec.moe.edu.sg
Yumin Primary School Official Website,https://yuminpri.moe.edu.sg
Yusof Ishak Secondary School Official Website,https://yusofishaksec.moe.edu.sg
Yuying Secondary School Official Website,https://yuyingsec.moe.edu.sg
Zhangde Primary School Official Website,https://zhangdepri.moe.edu.sg
Zhenghua Primary School Official Website,https://zhenghuapri.moe.edu.sg
Zhenghua Secondary School Official Website,https://zhenghuasec.moe.edu.sg
Zhonghua Primary School Official Website,https://zhonghuapri.moe.edu.sg
Zhonghua Secondary School Official Website,https://www.zhonghuasec.moe.edu.sg
Anglo-Chinese School (Independent) Official Website,https://www.acsindep.moe.edu.sg
Assumption Pathway School Official Website,https://www.aps.edu.sg
Crest Secondary School Official Website,https://crestsec.edu.sg
NUS High School of Mathematics and Science Official Website,https://www.nushigh.edu.sg
Raffles Girls' School (Secondary) Official Website,https://www.rgs.edu.sg
Spectra Secondary School Official Website,https://www.spectra.edu.sg
St. Joseph's Institution Official Website,https://www.sji.edu.sg
Specialist Examination Register,https://ser.moh.gov.sg
Postgraduate Training Management System,https://ptms.moh.gov.sg
MOH Biosafety IT System,https://www.biosafety.moh.gov.sg/bioe
MOHAlert,https://mohalert.moh.gov.sg
BCA eservices,https://eservices.bca.gov.sg/
TOP Portal,https://eservices2.bca.gov.sg/
CORENET e-Submission System,https://www.corenet-ess.gov.sg
Building Careers Website,https://www.buildingcareers.gov.sg
Adoption Portal,https://app.adoption.gov.sg
National Quality Assurance System,https://elis.moh.gov.sg/NQAS
Tissue and Research Application System,https://elis.moh.gov.sg/tiaras
OPG Portal,https://eservice-msf.msf.gov.sg
Singapore Sports School Website,https://www.sportsschool.edu.sg
Singapore Sports School Administration and Information System,https://sias.sportsschool.edu.sg
A List,https://www.a-list.sg
Scholarships Administration and Managements Systems,https://isams.moe.gov.sg/azs/index.do?schmCat=ASEAN
DSA Sec Portal,https://www.dsa-is.moe.gov.sg
MOH Healthcare Claims Portal,https://mhcp.moh.gov.sg
StatLink,https://statlink.enterprisesg.gov.sg
Representatives Office Management System (ROMS),https://roms.enterprisesg.gov.sg
CPF EZPay,https://www2.cpf.gov.sg
Housing CPF,https://housing.cpf.gov.sg
Secondary One Posting Internet System (S1-IS),https://www.s1-is.moe.gov.sg
Student Transfer Exercise for Primary Schools Internet System (STEPS-IS),https://www.steps-is.moe.gov.sg
e-Services RP,https://e-services.rp.edu.sg/
www2.rp.edu.sg,https://www2.rp.edu.sg/
Joint Admissions Exercise,https://www.jae-is.moe.gov.sg
Ministry of Education Tuition Grant Online,https://tgonline.moe.gov.sg
EDB Portal,https://portal.edb.gov.sg/
HDB eSales,https://esales.hdb.gov.sg/
Enterprise Safety Oversight Management System,https://esoms.caas.gov.sg
Integrated Program Administration and Management System - iSAA,https://i-saa.caas.gov.sg
Electronic Licensing Medical Records System,https://medical.caas.gov.sg/
ACD Website,https://acd.mlaw.gov.sg/
HOusehold Means Eligibility System (HOMES),https://www.homes.gov.sg
TradeNet,https://www.tradenet.gov.sg
Public Service Week Website,https://www.publicserviceweek.gov.sg
Learning Management System (Student Portal),https://lms.bcaa.edu.sg/
Singapore Maritime Data Hub (SG-MDH),https://sg-mdh.mpa.gov.sg/
M3.sg website,https://www.m3.gov.sg
P1-IS,https://www.p1-is.moe.gov.sg
Singapore Government Design System,https://www.designsystem.tech.gov.sg
Civil Aviation Personnel Licensing System,https://capels.caas.gov.sg
NEA WRMS,https://wrms2.nea.gov.sg
Digital Industry Singapore,https://www.imda.gov.sg/disg
Isomer,https://www.isomer.gov.sg
IOHA 2021,https://www.ioha2021.gov.sg
SAS Public eService,https://publicsas2.sp.edu.sg
PSNC,https://www.psnc-is.moe.gov.sg/
GoBusiness Food Services,https://foodservices.gobusiness.gov.sg
Tenancy Management Services,https://etms.sfa.gov.sg/
BCA Corporate Website (Revamp),https://www1.bca.gov.sg
Singapore Customs Traveller Portal,https://m.customs.gov.sg/
Student's Portal,https://students.rp.edu.sg
IMDA eServices,https://eservice.imda.gov.sg
SST Website,https://www.sst.edu.sg/
Curiocity,https://curiocity.nlb.gov.sg
IMDA Online,https://imdaonline.imda.gov.sg
Enforcement Case Management System,https://eservice.pdpc.gov.sg
Singpass SAML,https://saml.singpass.gov.sg
North East CDC,https://www.cdc.gov.sg/northeast
North West CDC,https://www.cdc.gov.sg/northwest
South East CDC,https://www.cdc.gov.sg/southeast
South West CDC,https://www.cdc.gov.sg/southwest
CMS,https://cms.ecda.gov.sg
https://eservices.bcaa.edu.sg,https://eservices.bcaa.edu.sg
MOE FAQ Browse Page,https://va.ecitizen.gov.sg/
LAB,https://lab.mlaw.gov.sg
PTO,https://pto.mlaw.gov.sg
AB,https://ab.mlaw.gov.sg
ROM,https://rom.mlaw.gov.sg
LSB,https://lsb.mlaw.gov.sg
ROP,https://rop.mlaw.gov.sg
CMC,https://cmc.mlaw.gov.sg
IO,https://io.mlaw.gov.sg
Community Justice and Tribunals System (CJTS),https://cjts.judiciary.gov.sg/home
MyMoneySense,https://www.mymoneysense.gov.sg
IQUAS,https://www.bca.gov.sg/Professionals/IQUAS/
Quality Housing Portal,https://www.bca.gov.sg/Professionals/iQuasScoreChart/
VCC,https://www.vcc.bizfile.gov.sg
SPAPPS.SP.EDU.SG - SharePoint,https://spapps.sp.edu.sg
APPS.SP.EDU.SG - SharePoint,https://apps2.sp.edu.sg/
POFMA Website,https://www.pofmaoffice.gov.sg
HTX Website,https://www.htx.gov.sg
VisitSingapore China,https://www.visitsingapore.com.cn
eCustoms,https://ecweb1.customs.gov.sg
Medishield Life eService,https://household-check.moh.gov.sg
RP ePayment,https://epay.rp.edu.sg
Healthier Choice,https://healthier-choice.hpb.gov.sg
MEDICLAIM,https://www.mediclaim.moh.gov.sg/
Singapore Energy Statistics,https://www.ema.gov.sg/Singapore-Energy-Statistics/
Scheduling System,https://scheduling.sp.edu.sg
ePACE,https://epace.sp.edu.sg
Early Admissions Exercise (for ITE Students),https://jpeaei.polytechnic.edu.sg
WOGAA Documentation,https://docs.wogaa.sg
Full-Time Applicant Portal,https://petoas.tp.edu.sg
EVE Contractor Public Portal,https://eve.nparks.gov.sg
My Legacy,https://mylegacy.life.gov.sg/
APER Forum,https://www.aperforum.org
PACE Continuing Education Management System (CEMS),https://mycems.sp.edu.sg
STB Travel Agent and Tourist Guides Licensing System (TRUST),https://trust.stb.gov.sg
Ministry of Foreign Affairs - Liaison Officers Management System,https://loms.mfa.gov.sg
Careshield Life Web Portal,https://www.careshieldlife.gov.sg
Marketing College,https://learning.stb.gov.sg
MLAW website (ISOMER),https://app.mlaw.gov.sg
SLEB,https://www.sleb.sg
Asynchronous Data Exchange,https://adex.gov.sg/adex/home
Web Manifest Reconciliation Statement,https://eservices.customs.gov.sg/
Ministry of Education Language Centre,https://www.moelc.moe.edu.sg/
Grassroots Financial Accounting System (G-FAST),https://gfast.pa.gov.sg
Account Services,https://account.nlb.gov.sg/
NLB eServices,https://eservice.nlb.gov.sg
MOM eServices2 HomePage on Corp Site,https://service2.mom.gov.sg
Valour Primary Official School Website,https://valourpri.moe.edu.sg
Umar Pulavar Tamil Language Centre Official Website,https://uptlc.moe.edu.sg/
Singapore Government Directory,https://www.sgdi.gov.sg
SG Press Centre,https://www.sgpc.gov.sg
Government Terms Translated,https://www.translatedterms.gov.sg
Identity Management System (IDMS),https://idms.sp.edu.sg
Memories of Two Cities,https://memoriesoftwocities.nlb.gov.sg
Developer Portal,https://developer.ssg-wsg.gov.sg
Minlaw eServices,https://www.mlaw.gov.sg/e-services/
Air Transport Licensing and Administration System,https://atlas.caas.gov.sg
JTC Estate microsite - PDD,https://estates.jtc.gov.sg/pdd
Singapore Tourism Analytics Network,https://stan.stb.gov.sg
Beyond the Current,https://www.beyondthecurrent.gov.sg
Mask Go Where,https://maskgowhere.sg
Mask Go Where (Gov.sg),https://mask.gowhere.gov.sg
Authentic Court Orders,https://www.courtorders.gov.sg
Central Singapore CDC,https://www.cdc.gov.sg/centralsingapore
Enterprise Portal For Jobs and Skills,https://www.enterprisejobskills.gov.sg
Flu Go Where (Gov.sg),https://flu.gowhere.gov.sg
NLB Mobile Guide,https://mobileapp.nlb.gov.sg
Training Partners Gateway - WOG Training Grant System,https://www.tpgateway.gov.sg
SG United Portal,https://www.sgunited.gov.sg
NNA Website,http://www.nna.gov.sg
Grassroots E-mart System 2,https://gems.pa.gov.sg
Government Developer Portal,https://www.developer.tech.gov.sg/
SPF eServices (eCOC),https://ecoc.police.gov.sg
SPF eServices Portal,https://eservices.police.gov.sg/
Professional Registration System,https://prs.moh.gov.sg/prs/
BCA Directory,https://www.bca.gov.sg/bcadirectory
Tripartite Alliance Limited,https://www.tal.sg/
ITR1 Portal,https://portal.ssg-wsg.gov.sg
SPF eServices (eAcrs),https://eacrs.police.gov.sg/
SPF eServices (eSHOTS),https://shots.police.gov.sg
SPF eServices (eFocus),https://efocus.police.gov.sg
SPF eServices (TP),https://eddies.police.gov.sg
SG Clean,https://www.sgclean.gov.sg
SAS Student eService,https://mysas2.sp.edu.sg
TraceTogether Landing Page,https://www.tracetogether.gov.sg
GDS Landing Page,https://www.hive.tech.gov.sg
CorpPass Authentication Service,https://saml.corppass.gov.sg
MOE OPAL2.0 IDM,https://idm.opal2.moe.edu.sg
Spaceout,https://www.spaceout.gov.sg
Safe Distance @ Parks,https://safedistparks.nparks.gov.sg/
Visit Singapore MICE,https://www.visitsingapore.com/mice
Support Go Where,https://supportgowhere.life.gov.sg
Go Where,https://www.gowhere.gov.sg
HSA PRISM ESERVICE,https://eservice.hsa.gov.sg
HSA OSCAR ESERVICE,https://oscar.hsa.gov.sg
Singapore Women in Tech,https://www.sgwomenintech.sg
Nurturing Early Learners,https://www.nel.moe.edu.sg
SPF eServices SpfCare,https://spfcare.police.gov.sg
MTLS,https://mtls.edu.sg
NRDS,https://nrds.hpb.gov.sg/
Donor Portal,https://donateblood.hsa.gov.sg
National School Games Integrated System,https://nsg.moe.edu.sg
NYP Student Portal (New),https://mynypportal.nyp.edu.sg/
NPARKS VBS,https://www2.nparks.gov.sg/vbs
MSS International Websites,https://www.mss-int.sg
Breast and Cervical Cancer Screening System (BCSS),https://www.cancerscreen.hpb.gov.sg
Integrated Land Information System (INLIS),https://app1.sla.gov.sg/inlis/
NLB E-Resources Arts website,https://eresources.nlb.gov.sg/arts/
Life SG product page,https://www.life.gov.sg
GoBusiness Government Assistance,https://govassist.gobusiness.gov.sg
Skills Development Levy,https://sdl.ssg.gov.sg/
CHAS e-Service Portal,https://chas.moh.gov.sg
GoBusiness Government Assistance e-Adviser,https://gaeadviser.gobusiness.gov.sg
Academy of Singapore teachers MOEHC,https://academyofsingaporeteachers.moe.edu.sg/moehc
programmes.myskillsfuture.gov.sg,https://programmes.myskillsfuture.gov.sg
conversion.mycareersfuture.gov.sg,https://conversion.mycareersfuture.gov.sg
programmes.enterprisejobskills.gov.sg,https://programmes.enterprisejobskills.gov.sg
Consent Management,https://consent.ssg-wsg.gov.sg
Authorisation Service,https://auth.ssg-wsg.sg
SGunited Appreciation Website,https://www.appreciate.gov.sg/
DIRECT - e-Letters (Public),https://eservice.sps.gov.sg/eletters/#/landing
ngee ann poly student portal,https://portal2.np.edu.sg
Ngee Ann Poly Sharepoint Landing,https://npweb2.np.edu.sg
SafeEntry QR,https://www.safeeentry-qr.gov.sg
SafeTravel Website,https://safetravel.ica.gov.sg
SupplyAlly,https://www.supplyally.gov.sg/
PSTA on GCC,https://astarapp.a-star.edu.sg/psta/
Realtime Database for Assisted Reproduction,https://rdar.moh.gov.sg/
JTC Estates JID,https://estates.jtc.gov.sg/jid
JTC Estates SKED,https://estates.jtc.gov.sg/sked
Jurong Lake District (new),https://www.jld.gov.sg
I LIGHT SINGAPORE,https://www.ilightsingapore.gov.sg/
MOM Dashboard,https://www.mom.gov.sg/dashboard
Ask Kopi Kakis On-the-Go!,https://www.akk.pa.gov.sg
Make EveryDropCount,https://makeeverydropcount.pub.gov.sg/
HTA E-WPS 2020 Microsite,https://wps-2020.hta.gov.sg
Singapore 2020 Expo,https://www.singapore2020expo.gov.sg/
"Financial Assistance, Scholarship System",https://fast.rp.edu.sg
Registration and Engagement Management System (REMS2),https://rems.moe.edu.sg
Singapore Digital Office,https://www.sdo.gov.sg
ECDA Grow@Beanstalk,https://www.ecda.gov.sg/growatbeanstalk
ECDA Shape Our Tomorrow,https://www.ecda.gov.sg/shapeourtomorrow
ECDA Spark Info,https://www.ecda.gov.sg/SPARKinfo
Services.life.gov.sg,https://services.life.gov.sg
Online Grants Management Systems,https://schemes.imda.gov.sg/
URA Maps,https://www.ura.gov.sg/maps
Token Go Where,https://token.gowhere.gov.sg
Customer Service Portal,https://csp2.jtc.gov.sg
HPB Survey Module,https://survey.hpb.gov.sg
Networked Trade Platform,https://www.ntp.gov.sg
Verify,https://www.verify.gov.sg
MFA SCP,https://scp.gov.sg
Fulcrum.sg,https://FULCRUM.SG
Crisis Preparedness for Religious Organisations,https://www.cpro.gov.sg/
ASMC WIS 2020,https://wis.asmc.asean.org/
Casino Exclusion System,https://ces.ncpg.org.sg/
Visit Limit System,https://icis-services.ncpg.org.sg
SG Youth Action Plan Website,https://youthactionplan.sg
Sun Ray,https://sunray.ncss.gov.sg
CPF EZPay Mobile,https://www2.cpf.gov.sg/mobile/
Singapore Tourism Awards.gov.sg,https://Www.singaporetourismawards.gov.sg
One BPU,https://bpu.pub.gov.sg/
OneMap3D,https://www.onemap3d.gov.sg
Seniors Go Digital,https://www.imda.gov.sg/seniorsgodigital
Caring SG Commuters Portal,https://www.caringcommuters.gov.sg
PUB Web E Services,https://app.pub.gov.sg/
SchoolFinder by MOE,https://www.moe.gov.sg/schoolfinder
CourseFinder by MOE,https://www.moe.gov.sg/coursefinder
Resource Booking System,https://rbs.create.edu.sg
SkillsFuture Credit v2 Individual Portal,https://sfc.myskillsfuture.gov.sg
NP eService (Dot Net) 2,https://www3.np.edu.sg
CORENET 2.0 e-Submission System,https://www.corenet2-ess.gov.sg
Singapore Global Network Website,https://singaporeglobalnetwork.gov.sg
MOM Labour Statistics Survey Portal,https://stats.mom.gov.sg/laboursurvey
LumiHealth microsite,https://www.lumihealth.sg
Enterprise Singapore Incentive Management System (ESIMS),https://esgincentives.enterprisesg.gov.sg
iWorkHealth,https://www.iworkhealth.gov.sg
CRMS elis feedback,https://crms.moh.gov.sg/elisfeedback.aspx
MOH Care Shield Life,https://crms.moh.gov.sg/careshieldlife.aspx
Our Marriage Journey,https://www.marriage.gov.sg
Motor Accident Claims Online (MACO),https://motoraccidents.lawnet.sg
Project Silver Screen,https://pss.hpb.gov.sg
Protection of Water and Sewer pipes (POWS),https://bpu.pub.gov.sg/pows
License Plumber Portal,https://bpu.pub.gov.sg/lp
EMIC,https://emic.jtc.gov.sg/
SPOR Website,https://www.mof.gov.sg/singapore-public-sector-outcomes-review
NP CET Website,https://cet.np.edu.sg
Programme Registration Portal for Public Service Officer (Singapore),https://register.csc.gov.sg
Open Innovation Network,https://www.openinnovationnetwork.gov.sg
Climate Friendly Households,https://www.climate-friendly-households.gov.sg/
One Client View,https://onecv.gov.sg
Personalise Dashboard,https://dashboard.personalise.gov.sg
Memories of Two Cities (Zh),https://memoriesoftwocities-zh.nlb.gov.sg/
digitalPORT@SG,https://digitalport.mpa.gov.sg
Parents Gateway,https://pg.moe.edu.sg
Singapore Parliament Reports System (SPRS),https://sprs.parl.gov.sg
MLAW Lab e-Services,https://eservices.mlaw.gov.sg/labesvc/
OPAL2.0,https://admin.opal2.moe.edu.sg/
HDB Flat Portal,https://homes.hdb.gov.sg/
GoBusiness Post-Login,https://dashboard.gobusiness.gov.sg
GovText,https://www.govtext.gov.sg
The Digital Academy,https://thedigitalacademy.tech.gov.sg
SILAS,https://silas.nlb.gov.sg
WOG Digital Tech Career Website,https://techcareers.smartnation.gov.sg/
Digital Experience Plus (DX+),https://dxplus.mom.gov.sg
Dormitory Exit Pass,https://exitpass.mom.gov.sg
Singapore Green Plan 2030,https://www.greenplan.gov.sg
PoliteMall,https://politemall.polite.edu.sg
pscgateway,https://pscgateway.gov.sg
Cadastral Survey Management System (CSMS),https://app1.sla.gov.sg/rsp
MOE OPAL 2.0,https://www.opal2.moe.edu.sg/
SFEC Microsite,https://sfec-microsite.enterprisejobskills.gov.sg
Singpass Homepage,https://www.singpass.gov.sg/main
Singpass User Portal,https://www.singpass.gov.sg/home/ui/
GoBusiness,https://www.gobusiness.gov.sg
Student Navigation Application (SNApp),https://snapp.rp.edu.sg/
WSG Career Trial,https://programmes.mycareersfuture.gov.sg
GatherSG,https://gather.gov.sg
GoBusiness E-Adviser,https://eadviser.gobusiness.gov.sg/
Digital Services,https://digitalservice.ura.gov.sg
IMDA Digital For Life,http://www.imda.gov.sg/digitalforlife
PSLE - Full Subject-Based Banding,https://www.moe.gov.sg/microsites/psle-fsbb
Energy labeling scheme system,https://e-services.nea.gov.sg/els/els.aspx
Industrial Allocation System,https://e-services.nea.gov.sg/IAS/PublicApplicant/Homepage.aspx
Hawkers Online,https://e-services.nea.gov.sg/hcms
Government-Paid Leave Schemes (GPLS),https://www.profamilyleave.msf.gov.sg
onePA Portal website (PACES),https://www.onepa.gov.sg/
Chiller Portal,https://cesp.bca.gov.sg/
SFEC(TP) System,https://sfec.enterprisejobskills.gov.sg/
SG Translate Together,https://sgtranslatetogether.gov.sg
PSC Scholarships Website,https://scholarships.psc.gov.sg
PSC Annual Report website,https://annualreport.psc.gov.sg
Candidates Portal,https://myexams.seab.gov.sg
Exam Personnel Portal,https://myexamduty.seab.gov.sg
Changi Chapel Museum,https://www.nhb.gov.sg/changichapelmuseum
Arts Resource Hub Subscribers Portal,https://subscribers.artsresourcehub.gov.sg
Our Food Future,https://www.ourfoodfuture.gov.sg
CrowdTaskSG,https://www.crowdtask.gov.sg
Youthopia,https://youthopia.sg
iCRM,https://icrm.sp.edu.sg
ACD eService,https://eservices.mlaw.gov.sg/mypal
National Electronic Health Record Singapore,https://portal.nehr.sg/nehrportal
SYC Portal eservices,https://eservices.syariahcourt.gov.sg/
Reference,https://reference.nlb.gov.sg
#SmartNationTogether,https://together.smartnation.gov.sg
Consumer Product Safety Office,https://www.consumerproductsafety.gov.sg
Weights and Measures Office,https://www.weightsandmeasures.gov.sg
The Digital Academy Launch Symposium and Learning Festival,http://LF.TheDigitalAcademy.tech.gov.sg
Notrise,https://www.notarise.gov.sg
HPB Swab Registration System,https://swab.hpb.gov.sg
Citizen Disbursement Web Portal,https://www.govpayouts.gov.sg
Assurity Trusted Solutions,https://www.assurity.sg
Swift Office Website,https://www.swiftoffice.org/
HTA E-Workplan Seminar 2021,https://wps.hta.gov.sg/
ART Go Where,https://www.gowhere.gov.sg/art
TP Virtual Campus (website),https://virtualcampus.tp.edu.sg/
LTA DataMall,https://datamall.lta.gov.sg/
SGFinDex,https://fpdsapim.myinfo.gov.sg/marketplace/v1/main
Reflections at Bukit Chandu,https://www.nhb.gov.sg/bukitchandu
SG Courts Website,https://judiciary.gov.sg
Security & Intelligence Division (SID),https://www.sid.gov.sg
Fabrication Laboratory Management System,https://flms.sp.edu.sg
CPIB eBail,https://bail.cpib.gov.sg
IMDA CTOaaS,https://services2.imda.gov.sg/CTOaaS
MHA HTA,https://www.mha.gov.sg/hta
MHA ISD,https://www.mha.gov.sg/isd
MOH HCSA,https://www.moh.gov.sg/hcsa
Token Mailing Service,https://token.life.gov.sg
IRAS e-Learning Site,https://elearn.iras.gov.sg/gst/overviewofgst
Healthwatch MOH,https://www.moh.gov.sg/healthwatch
Singapore 5G & Telecoms Academy,https://5gacademy.sp.edu.sg/
CPSAPlus,https://www.cpsaplus.gov.sg
Audit Management System (AMS),https://ams.hsa.gov.sg
Defence S&T Branding Campaign Website,https://www.dtcareers.gov.sg/
SG-101,http://sg101.gov.sg
covid,https://covid.gov.sg
Intelligent Case Retrieval System,https://icrs.lawnet.com
Family Assist,https://familyassist.msf.gov.sg/
Personalise Webpage,https://personalise.gov.sg
MLAW eServices IO,https://eservices.mlaw.gov.sg/io/
MLAW eServices PTO,https://eservices.mlaw.gov.sg/ipto/forms/pto
Student Deferment and Withdrawal application,https://lcs.rp.edu.sg/SDW/
MLAW - Debt Repayment Scheme,https://eservices.mlaw.gov.sg/ipto/forms/drs
MLAW insolportal,https://eservices.mlaw.gov.sg/insolportal/
MLAW credportal,https://eservices.mlaw.gov.sg/credportal/
MLAW ptib,https://eservices.mlaw.gov.sg/ptib/
MLAW Isra,https://eservices.mlaw.gov.sg/lsra/
MLAW cmc,https://cmc.mlaw.gov.sg/e-services/apply-online/
MLAW ipto,https://eservices.mlaw.gov.sg/ipto1/
MLAW rom,https://eservices.mlaw.gov.sg/rom/
MLAW rop,https://eservices.mlaw.gov.sg/rop/
SGUnited Skills Individual Portal,https://ta.myskillsfuture.gov.sg
Safe Travel Office eServices,https://eservices.ica.gov.sg/STO
Online Feedback Form,https://csp.sfa.gov.sg/
myITE,https://myite.ite.edu.sg/
iLTMS,https://iltms.ssi.gov.sg
LearnX,https://learning.nlb.gov.sg
PDPC Apps,https://apps.pdpc.gov.sg
CDC Vouchers Scheme,https://vouchers.cdc.gov.sg/
PoweringLives Portal eServices,https://apply.poweringlives.gov.sg/
CDC Vouchers Merchants Go Where,https://www.gowhere.gov.sg/cdcvouchersmerchants
digitalOCEANS,https://digitaloceans.mpa.gov.sg
My Smart Water Meter,https://mysmartwatermeter.pub.gov.sg/
STE What's Next,https://www.stewhatsnext.gov.sg
AGD Helpdesk (Informational),https://app.helpdesk.agd.gov.sg/
Finance and Accounting Self Assessment Questionaire,https://fa-saq.edb.gov.sg
Test Centre Go Where,https://www.gowhere.gov.sg/testcentres
National Drug Formulary,https://www.ndf.gov.sg
MLAW eCollection Portal,https://eservices.mlaw.gov.sg/ecoll/
www.cap.gov.sg,https://www.cap.gov.sg/
SearchSG,https://www.search.gov.sg
Sync,https://www.sync.gov.sg
Election Officials Website,https://eows.eld.gov.sg/
NAC eServices,https://eservices.nac.gov.sg
Singapore-China International Commercial Dispute Resolution Conference,https://scdr-conference.mlaw.gov.sg/
Singapore-China International Commercial Dispute Resolution Conference CN,https://cn.scdr-conference.mlaw.gov.sg/
NTP Forms,https://www.ntp.gov.sg/forms
iACRES,https://ngnsp.sg
Cybersecurity Services Regulation Office,https://www.csro.gov.sg
Producer Price Indices E-Survey System,https://ppi-esurvey.singstat.gov.sg/
Internship Management System,https://internship.sp.edu.sg
BGBiz - Technical Resource,https://services2.hdb.gov.sg/du03/du03011p.nsf/BGBIZ?OpenForm
CORENET X Pay,https://pay.corenet.gov.sg
www.gea.gov.sg,https://www.gea.gov.sg
Digital for Life Website,https://www.digitalforlife.gov.sg
